source_path,sha256,arrays_sha256,identity_content_sha256,participant_id,canonical_participant_id,label,sample_id,schema,status,reason,split,output_index,original_T,duration,valid_frames,valid_detection_ratio,longest_missing_run,scale,assumptions
swipe_left/user00_swipe_left_0001.npz,d848e4127156a8670dae37abe450e0f612e935b0d89205dccfa05f57503e52d1,7c0230cb2a5f796d7d1b43d2a601967412bf3ab45b33a938c190926c7c358364,1f55a6c817eaf229f2659e86040b0e15261728e23a8baa977646a79062779722,user00,user00,swipe_left,1,1,accepted,,,,46,1.5042948999907821,46,1.0,0,0.21804563425537393,legacy_v1_missing_mirrored_assumed_false_from_collector
swipe_left/user00_swipe_left_0002.npz,ba4e9ff386b4d5a5d2f3eab66f7fefdf7ee4a7731a70ceca22eb5d3cd717b9d8,fb988f2f2eded4d6f5b635ba727b18d0085f2df7d32b590461472a65a6e0bd3f,c30d5d7e98c31790521db1ff94a44a9f61bb87e19c024c983bd56d1ce8087e7b,user00,user00,swipe_left,2,1,accepted,,,,45,1.4623181999195367,45,1.0,0,0.22527817898339456,legacy_v1_missing_mirrored_assumed_false_from_collector
swipe_left/user00_swipe_left_0003.npz,c85f2cd037856e4691d09e489815491340c0bca9313111fbf3aa7911c6ff6a86,4d23c39d3892e9a748bd690b0edb3ef1e6bca3d740d47311089bef8635495001,b927881a146097bb83d8dc47eb98bb2923143649ece4496da6bdc5233a905788,user00,user00,swipe_left,3,1,accepted,,,,44,1.4238255000673234,44,1.0,0,0.23238903542138503,legacy_v1_missing_mirrored_assumed_false_from_collector
swipe_left/user00_swipe_left_0004.npz,3a71a162a116ecdd58fda47d2c1792c4cafd85e8282178e8510c52bfb57ba8dd,34572148df2261fc302d56e57ea2281f7dbdc0f8895d7977c48a38b255b8f624,ae7d9cf210881e97f2e1b8e50fba59d70f3f83157067dbde0cea1bfa33d6b53f,user00,user00,swipe_left,4,1,accepted,,,,38,1.280062099918723,38,1.0,0,0.22974169638327008,legacy_v1_missing_mirrored_assumed_false_from_collector
swipe_left/user00_swipe_left_0005.npz,1bf5497a550c0aa013713903896351f6fa696ae21f0d6f0a9e4c53c672e207c9,ca658d2d525a99e18d76e60e1def4c4d966a910bf7080cec0b47e8fb28262870,2e8cf9ed7b78be75bfae4e3e420116a2f6bb53c4fd3def5f9e0c4f692bdf63bf,user00,user00,swipe_left,5,1,accepted,,,,36,1.2478981000604108,36,1.0,0,0.2282837712085261,legacy_v1_missing_mirrored_assumed_false_from_collector
swipe_left/user00_swipe_left_0006.npz,b2a361a04226c4c01ef1c00c35681fc2fe506d11af20ea0b3eff6dea6900688a,450791f2768f0c646f31c8c591b141be01385f474f3786a827fe80261b414f67,406e4a98e8d63564adf552dbadf3d604ca227e79306cdcf5835a6ced315735a7,user00,user00,swipe_left,6,1,accepted,,,,39,1.2476669999305159,39,1.0,0,0.21635278252689125,legacy_v1_missing_mirrored_assumed_false_from_collector
swipe_left/user00_swipe_left_0007.npz,0d64398de4ce5e59d775b49e8e0bdcca679c58847b2ff1dce4d583ea141fcdd7,a54e48567d7b8f275451f7eddc323c37f8a243c5cee00c9732ecbe4775ff1220,bd79f8034041f4a6646d2e6d01d4646bdcac449083e17c4ad1341b5f41e1d919,user00,user00,swipe_left,7,1,accepted,,,,33,1.0558984999079257,33,1.0,0,0.2557757462040297,legacy_v1_missing_mirrored_assumed_false_from_collector
swipe_left/user00_swipe_left_0008.npz,920b82959fe6051259f3b5bf75e5708564859a10172a3894f66f2b1bcbeda56e,4198ea4ace09bd32ef3b2efdd8c15bb44ed3fce63ad95f2a49dbdc6258ed0f56,d338c0fcc6397ee82535a5232b27550533819470765b3a0278d527fc151b4a33,user00,user00,swipe_left,8,1,accepted,,,,28,0.8800190000329167,28,1.0,0,0.24001991936163908,legacy_v1_missing_mirrored_assumed_false_from_collector
swipe_left/user00_swipe_left_0009.npz,8fed75386d322f201aa7132d6d314f58899d7585965435a38e352f22025f36cf,20cceec1b097c7cf9c851cd26a17f0a0e898b8314b1dbd7140747cf4f74a1c11,5c4912bcf68e0e6b4ff02aa46d8ee2dfd382ee46eacfbd441df13caf12371896,user00,user00,swipe_left,9,1,accepted,,,,34,1.0724396000150591,34,1.0,0,0.2428521111543162,legacy_v1_missing_mirrored_assumed_false_from_collector
swipe_left/user00_swipe_left_0010.npz,91018cd74492dbe1046f8075a08cc81aa2116359c07893515dd7e500789e349a,1405f1609d7f7656e6e95b579861ba0e83984a85ee25d46aceff2037639a6b23,789c7ac3fb6fb77b1b081c75209be6b00173e0d871d9d2e83f74e91df13bc13e,user00,user00,swipe_left,10,1,accepted,,,,35,1.104179700021632,35,1.0,0,0.24234013826033804,legacy_v1_missing_mirrored_assumed_false_from_collector
swipe_left/user00_swipe_left_0011.npz,f7815d3934ce6685e30137cabf1ce40356549737b801c7c93f9c48218d7ba219,d1eaa13069e42c0880a7b2cbb23485b60d096a185709fdd38d7d4569594163b4,3911e1fbcad9e3ff04bc76808ddcd7b0882d82ab17a07953d79dc70e65bfcdf9,user00,user00,swipe_left,11,1,accepted,,,,41,1.311925599933602,41,1.0,0,0.22898666652391778,legacy_v1_missing_mirrored_assumed_false_from_collector
swipe_left/user00_swipe_left_0012.npz,f47c9a0f8046abbc51d59599024715ff193c4b17980aee2a28724794b90f037c,a907eb904f2ba84b9997fe6ed1ca70aee84d7ccd77f173b1a6aa7832a2357d7f,28853d7c3a0baff0c662c1277d21c7b2baa2a84a8c1f93a209629ed52d691776,user00,user00,swipe_left,12,1,accepted,,,,40,1.280128699960187,40,1.0,0,0.2257148185114911,legacy_v1_missing_mirrored_assumed_false_from_collector
swipe_left/user00_swipe_left_0013.npz,68a6fe27f56031b0d904db5e2c21b7c8d4b59fa459826bca56c6fd0210bea140,e2b4110a092aa19dddc5968d82fc070a239d559cf0249a4d39da79134caf6ce6,61e062572291300f3a24b6ace3504c1dabd4218d746349bc6348f16843e2045a,user00,user00,swipe_left,13,2,accepted,,,,35,1.1359216000000742,35,1.0,0,0.2174372957274269,
swipe_left/user00_swipe_left_0014.npz,eb8b9aa5cd337e36b199c51f601050a9bbcbaf2b029022d618e1e688b0c5c249,40c3bdd3f591ec9e25699dfbc411adb9e3a082c932ad5bb4dfddc4e65e50350d,e24a9e5839823a3e71378352d05de92072f297dc74086c53834b0dc2a2409506,user00,user00,swipe_left,14,2,accepted,,,,27,0.8797389000001203,27,1.0,0,0.21974297658590744,
swipe_left/user00_swipe_left_0015.npz,b5d93b0207cc046b2990ff03c0a8ea1caedd6fed91c5885eae69084fb48f6627,49f2689d23af4421cf8cbd655740039928a2cdde32ce5925b867e6e2cee3ca3c,641948c020eec9c2c12b751913d442c22cca6ed7a5d1bbacd68b02289702570c,user00,user00,swipe_left,15,2,accepted,,,,24,0.7678737999995064,24,1.0,0,0.2266984942654467,
swipe_left/user00_swipe_left_0016.npz,37a08a707979237a05cb492f46ecb9da0bac139e391751becdc536d80c1314dc,7743dc0a9308de2399e2cc85dc7d212e969a0f33afa89c2f42776b16d38b1cf7,4d1d9d47e6f20617d0db7e368067990a11b366928084d82f1653a4c89bbde6b6,user00,user00,swipe_left,16,2,accepted,,,,28,0.9119646999997713,28,1.0,0,0.22201783368535286,
swipe_left/user00_swipe_left_0017.npz,1ada80b59fdb4c7a8e453db2905320ef8329ce937a28d22bc6ad6877e46d5864,a9f2ddef118acd3f7d7ff6a3c190afe1d9f7d27897a5b7f2e74ae28c72d7528d,baab4b50dea6f5800dc38914c02215cf696cc4ee9dc7dce5af397d1fcb25e5bd,user00,user00,swipe_left,17,2,accepted,,,,27,0.8798464000001331,27,1.0,0,0.21533648162348204,
swipe_left/user00_swipe_left_0018.npz,e5e179a7e70b6ad6a695695843c3981e934be842a78272845ee4f2a17292c0f1,a9c3f009fb85f14810e7841dd8b502ae8bc723d34c94927f245c16d7a5a73ebe,71341085bccf5244ff0efdde4ae27c33fc465caad18e3d7bd262031ec476ab64,user00,user00,swipe_left,18,2,accepted,,,,31,1.0078541000002588,31,1.0,0,0.21473713515583848,
swipe_left/user00_swipe_left_0019.npz,735f19005c33ba0f871106515b04efc38e4fd4ca2c38727609661a065247eaf3,d6d0e64231c28b4f30e00bcd290a2dd529a4038f58b7baa8fe4f03f1161ba896,398e8bdc885ea4b8d8933a9c245ef0152005703f624324a80cd3c746ea252655,user00,user00,swipe_left,19,2,accepted,,,,27,0.8804651000000376,27,1.0,0,0.22081392439618644,
swipe_left/user00_swipe_left_0020.npz,b36881baf76413ccdfb3c4982784c93dbd6dbe061adb69e509ce8853ccd22793,f07f9e2354d2491f3a78a75540469ad122ccc95566186e96e33ab39f7d709afb,0ed87ea132db90e571402945b0b43589a676beb961356e5c0a19cd19de9bb843,user00,user00,swipe_left,20,2,accepted,,,,30,0.9758704000005309,30,1.0,0,0.19151891077245786,
swipe_left/user00_swipe_left_0021.npz,2e2c3ecd9c4f340a254c32266097ef9ce9ab9b5d4f6c0312faf861df203b0900,5b6c337859b993407c1dfb282ecb21f9a4b954db3af447b8cfaa216c664127b7,ffc07cd2458dc9e7510cc5192d036bc828ccee4417e640b82c6804f386bc225a,user00,user00,swipe_left,21,2,accepted,,,,23,0.7519369999999981,23,1.0,0,0.211821975458007,
swipe_left/user00_swipe_left_0022.npz,51bbd0f96391c0fb88a23e6bfed27573380ab48ac9d5304eb92206af021dc041,44cdc9e70dbb48ba58405551549f110208f019f0b7cd5b1159f680ba66f7c068,94de23a8b8223d3aed47a371a41eeac002f3ca9072aeab51f0395cb5f8d4f0f1,user00,user00,swipe_left,22,2,accepted,,,,23,0.7362161000000924,21,0.9130434782608695,2,0.20863924161469713,
swipe_left/user00_swipe_left_0023.npz,046adca3b1e2b3e3aadc07601532fe68b0836b7d5bd67151f106d059c207f807,84c57743bd4c0539fd944ff766f750c2a8b966e6ccd7efe6fdb86a74f937ad27,ba6d5d334959b09988c2f87681dd3c26bf80b281329acc1a445dbc5c7f83c8f8,user00,user00,swipe_left,23,2,accepted,,,,27,0.8799312999999529,27,1.0,0,0.2103070362691068,
swipe_left/user00_swipe_left_0024.npz,d186051aba5243fc2351914b548c746fabb988cebb7cb02c9f047e2429e529c8,05bd1060aebffc08da1d62f3b4222d68520d2fc8d1e86be4ff2f817a404e130c,f334b3f8d59c59a6620faa34497b966ca1ef879d3c860f9c3fe2be45e3cd16b2,user00,user00,swipe_left,24,2,accepted,,,,25,0.7998433000002478,25,1.0,0,0.21732823849170776,
swipe_left/user00_swipe_left_0025.npz,12177d5f49e3bcce5377b82a6af02f6ddde67b970eff240ca8401bcd2d16f9ca,2b5799c32e8f0c5c6c0aeac1166033723958d84052438d1fbc98c01a30c33300,0d478153c790d4892318fcdebdea27150ff9d07bcabb81a3a5ca1d135457adca,user00,user00,swipe_left,25,2,accepted,,,,22,0.7038328999997248,21,0.9545454545454546,1,0.21514343937922045,
swipe_left/user00_swipe_left_0026.npz,6a8d8b3c2aad04bca735bffb60d8c1f0b3ab25a976f69aef04b0e333a0bc96fc,66deaa89a5ed5eff7cce850ca7255e71c48b31a386e8764fc5822d00c25b8877,b873c8413283e179229f02a8633516ef2d636baeac3986c7e6a3bd122d63d3ed,user00,user00,swipe_left,26,2,accepted,,,,21,0.6721385999999256,21,1.0,0,0.23306434794243405,
swipe_left/user00_swipe_left_0027.npz,bfc65c29c4dc57f8d9081452c96689878cadd2ba854652ddcbf198ca948b64db,872d4d5bc7f1866a80247452861b2a8de436976c151ef34b9d2c5f8ec8c1ce94,04d004391348f8af60d825ec476bbb5684f91869eb68d2223b773a81d87349f4,user00,user00,swipe_left,27,2,accepted,,,,20,0.6397114999999758,19,0.95,1,0.21110810668891322,
swipe_left/user00_swipe_left_0028.npz,b68d3702315043e0e621f52f27161f059941cd96610451ce810fb6b97af98dfb,ba85e29875a98af4d4ba34bdc0394339160ef8b7f0f5587d73c73b151f23b701,8026e429f4bd90f3ac33336f7f6e71cfe4d30b8e68e3f5b2be691e809eb02089,user00,user00,swipe_left,28,2,accepted,,,,21,0.6719567000000097,21,1.0,0,0.22176522420875033,
swipe_left/user00_swipe_left_0029.npz,6f9ec2d0a2b385d36ed9abffc44ff01da394361b7af468ccae37f989593a10a0,5c486e80d33dbf9a9824b05223419fd4791f1240ce540a829b54eec8ac627cbf,e2e216fdd20936c0a93f2e17e9ea638ae3bf0f1575239ed5075e6dfdb568e5c9,user00,user00,swipe_left,29,2,accepted,,,,22,0.7037550000004558,22,1.0,0,0.23284353007233954,
swipe_left/user00_swipe_left_0030.npz,ceb7856939967bfac738dc92d3f78119af9eb1dd94dd5d36e26bc5006d7b4c0c,c06bf6f282b5ff3eb410ffee037b8a34f55462572474556aafeca79ff75c520e,899dd7eb5e3f2fe04e0899819006b2a92e56143cb325f201b3126a68fe6687fb,user00,user00,swipe_left,30,2,accepted,,,,22,0.7199402000005648,22,1.0,0,0.22309706185939937,
swipe_left/user00_swipe_left_0031.npz,ad233c50123c8cf28934d7e9790fb4cfd080bd29c15ae2743f83ae789069df49,dbb9b20b7f4f509f57ae3fdb3f2b07266b220fbf253df5acc4da9f3fe29a2133,c4a41baa7737d5b39ad4dc0675c1af347c7479008b451534a755374021b8d310,user00,user00,swipe_left,31,2,accepted,,,,21,0.6881524999998874,20,0.9523809523809523,1,0.218049450282079,
swipe_left/user00_swipe_left_0032.npz,4f2fa79752e8343d5ddc62b2fde03b84f052456d69e4e8038c1a46a21022357d,aa37dda956b68f5fec1ffb435d8c88c439e138b9baae5d8c8c340423f6401009,c017ebaddd2d5c410f3e30334ae3b40f50804e9f422ce5080d923bede6913033,user00,user00,swipe_left,32,2,accepted,,,,26,0.8480971999997564,26,1.0,0,0.21754766891997473,
swipe_left/user00_swipe_left_0033.npz,a11036e74cf43149620dc374b1614be883c3afc046a92fce079c58aebfba6f1f,9c9dc539b9c246c6334a5a46580330202ea4e344e516d08c14cecfdda52b1245,6745db85e4d998c2710453654fc825da4c433aa8a107628df39782b87ac59499,user00,user00,swipe_left,33,2,accepted,,,,26,0.8475754999999481,26,1.0,0,0.3192464414801295,
swipe_left/user00_swipe_left_0034.npz,0368eb3a7bcf0e1f5f5c33f4b1b9a0cb31833f92ebe383989a26a7363042c8c3,6165159003d94442a9271ef1193eb061f6dd699083ece27e05bdc958e362e569,bcc058e3a4e49030795fbdf72b133bb797472cd8811e2b0e317a55e24d7e8b9b,user00,user00,swipe_left,34,2,accepted,,,,32,1.056100300000253,32,1.0,0,0.3239547598438489,
swipe_left/user00_swipe_left_0035.npz,e171781c22d1c6372fad084d66de8bfb91194fe5b1b7230173c90d211c03b4e6,c746d05e18bca0dedc20f32c3d97e02fff32e590d670f37f035528fc1e60b795,ddd73d40fcdf735916fc474eb19eb5cbc98c1c483b9df764621788aa04fe4b03,user00,user00,swipe_left,35,2,accepted,,,,32,1.0401365999996415,32,1.0,0,0.3056129627889872,
swipe_left/user00_swipe_left_0036.npz,9eee4ae262c88b5624c3c3ee02d5da51580b8737271071321f59e14d804bff5c,4ec58357c479b111d809215ea7874fc5190690f1a53dc952751eee9073a64d89,94235f3c9812a68103bac642600bdf16b9e4e95ff5dfcf7bd15641b6082b68c3,user00,user00,swipe_left,36,2,accepted,,,,40,1.3128400999994483,40,1.0,0,0.3053799467619198,
swipe_left/user00_swipe_left_0037.npz,24f9c59410854b531816486c53ab450b6e615793813e02e2714ba7e5f5ac12e5,37a9ce608d69d5f31dbb7abe451ee8ff7b1a26a3b301f1997e36e01f801e65b1,016fb64b55c801ea530a07f79c292e35b780e978e1d38e69f4784c74308df0f5,user00,user00,swipe_left,37,2,accepted,,,,34,1.1200190999998085,34,1.0,0,0.31628286745471235,
